Route,Total_Shipments,Average_Lead_Time,Median_Lead_Time,Lead_Time_Std
Wicked Choccy's → Indiana,54,1447.6666666666667,1527.0,288.5892818261026
Lot's O' Nuts → Tennessee,109,1439.908256880734,1392.0,300.63727194585243
Wicked Choccy's → Tennessee,67,1426.4179104477612,1388.0,264.16874481089064
Lot's O' Nuts → Wisconsin,58,1421.7068965517242,1419.0,258.8449382484934
Lot's O' Nuts → Indiana,90,1419.7444444444445,1392.0,277.23180424221846
Lot's O' Nuts → Maryland,60,1419.0833333333333,1407.5,210.26047539688523
Wicked Choccy's → Washington,221,1399.7601809954751,1363.0,306.093095535513
Lot's O' Nuts → Colorado,103,1395.1553398058252,1302.0,304.6806350237275
Wicked Choccy's → Massachusetts,54,1393.7777777777778,1338.5,345.91604754576747
Wicked Choccy's → North Carolina,101,1393.7227722772277,1389.0,262.20435232130984
Wicked Choccy's → New Jersey,59,1388.8474576271187,1275.0,242.24345217721614
Lot's O' Nuts → Washington,269,1375.278810408922,1335.0,325.12184908249156
Lot's O' Nuts → New York,645,1368.2480620155038,1333.0,275.32260103917713
Wicked Choccy's → Colorado,70,1368.1,1274.0,316.374761722664
Wicked Choccy's → Pennsylvania,227,1361.3259911894272,1305.0,296.0007016603436
Wicked Choccy's → Ohio,189,1359.6190476190477,1275.0,294.34131811580903
Lot's O' Nuts → North Carolina,143,1359.5174825174824,1333.0,256.1502874537364
Wicked Choccy's → Georgia,65,1354.3692307692309,1276.0,260.78460755662206
Wicked Choccy's → New York,436,1347.3440366972477,1316.0,271.6005196721762
Lot's O' Nuts → Ohio,262,1346.2709923664122,1294.0,278.0918269435559
Wicked Choccy's → California,823,1345.36695018226,1283.0,297.5172799190315
Lot's O' Nuts → Pennsylvania,331,1341.6767371601209,1275.0,305.06213182789867
Lot's O' Nuts → California,1125,1340.9333333333334,1276.0,302.9580059691161
Wicked Choccy's → Illinois,210,1340.142857142857,1289.0,282.4636633639523
Lot's O' Nuts → New Jersey,65,1339.9076923076923,1274.0,279.0683005039338
Wicked Choccy's → Michigan,100,1337.75,1276.0,261.0934804922476
Lot's O' Nuts → Illinois,267,1337.5580524344568,1276.0,290.3031851124236
Wicked Choccy's → Arizona,105,1335.752380952381,1276.0,281.59626653421265
Lot's O' Nuts → Georgia,110,1329.9454545454546,1275.0,246.71358561654674
Wicked Choccy's → Kentucky,58,1328.9310344827586,1392.0,349.9320666939018
Lot's O' Nuts → Texas,569,1322.7715289982425,1274.0,286.5881077151488
Wicked Choccy's → Texas,388,1320.7938144329896,1274.0,300.4407593588465
Lot's O' Nuts → Kentucky,77,1319.3246753246754,1276.0,357.24035258449703
Lot's O' Nuts → Oregon,77,1318.7272727272727,1275.0,287.81137080988333
Lot's O' Nuts → Massachusetts,76,1318.3684210526317,1274.0,301.08562866645366
Lot's O' Nuts → Florida,209,1317.9760765550238,1276.0,311.1264960434929
Lot's O' Nuts → Michigan,147,1317.9591836734694,1275.0,279.6892570593255
Lot's O' Nuts → Arizona,111,1310.3423423423424,1274.0,257.12039965374174
Wicked Choccy's → Florida,161,1271.832298136646,1273.0,303.39368475680345
Wicked Choccy's → Virginia,106,1254.0,1274.0,304.7691085458132
Lot's O' Nuts → Virginia,109,1235.3761467889908,1273.0,298.922255128221
