Factory,Product Name,Total_Shipments,Total_Units,Total_Sales,Total_Gross_Profit,Average_Lead_Time
Lot's O' Nuts,Wonka Bar - Fudge Mallows,1818,6914,24890.4,16593.6,1339.3465346534654
Lot's O' Nuts,Wonka Bar - Nutty Crunch Surprise,1810,6755,23574.95,16819.95,1352.1795580110497
Lot's O' Nuts,Wonka Bar -Scrumdiddlyumptious,2064,7743,27874.8,19357.5,1343.4345930232557
Secret Factory,Everlasting Gobstopper,3,13,130.0,104.0,1434.0
Secret Factory,Lickable Wallpaper,94,393,7860.0,3930.0,1388.0
Secret Factory,Wonka Gum,120,478,597.5,310.7,1308.5916666666667
Sugar Shack,Fizzy Lifting Drinks,6,21,78.75,47.25,1199.8333333333333
Sugar Shack,Fun Dip,3,8,12.0,4.8,1165.0
Sugar Shack,Laffy Taffy,10,27,53.73,33.480000000000004,1421.9
Sugar Shack,Nerds,4,10,15.0,7.0,1222.75
Sugar Shack,SweeTARTS,10,41,61.5,28.7,1469.1
The Other Factory,Hair Toffee,4,17,76.5,59.5,1337.25
The Other Factory,Kazookles,96,371,1205.75,92.75,1296.9895833333333
Wicked Choccy's,Wonka Bar - Milk Chocolate,2137,8267,26867.75,17443.37,1339.898923724848
Wicked Choccy's,Wonka Bar - Triple Dazzle Caramel,2015,7596,28485.0,18610.2,1349.094789081886
