Region,Ship Mode,Total_Shipments,Average_Lead_Time,Median_Lead_Time
Atlantic,First Class,496,1363.1995967741937,1272.0
Atlantic,Same Day,159,1322.9748427672955,1269.0
Atlantic,Second Class,548,1370.8047445255474,1302.0
Atlantic,Standard Class,1783,1343.2978126752664,1302.0
Gulf,First Class,234,1311.5384615384614,1272.0
Gulf,Same Day,83,1301.2289156626507,1269.0
Gulf,Second Class,329,1356.5714285714287,1363.0
Gulf,Standard Class,974,1316.4383983572895,1275.0
Interior,First Class,303,1370.996699669967,1330.0
Interior,Same Day,120,1408.4833333333333,1430.5
Interior,Second Class,465,1327.3655913978494,1274.0
Interior,Standard Class,1447,1337.2349689011749,1276.0
Pacific,First Class,515,1372.8640776699028,1303.0
Pacific,Same Day,185,1376.3567567567568,1270.0
Pacific,Second Class,637,1351.8210361067504,1283.0
Pacific,Standard Class,1916,1340.0600208768267,1276.0
